{
  "base": {
    "Recall@5": 0.94375,
    "MRR": 0.9124727668845315,
    "NDCG@10": 0.8932235945920379
  },
  "bm25_only": {
    "Recall@5": 0.95625,
    "MRR": 0.9967320261437909,
    "NDCG@10": 0.9539433109598215
  },
  "rerank_only": {
    "Recall@5": 0.95625,
    "MRR": 0.9956427015250543,
    "NDCG@10": 0.953125
  },
  "bm25_rerank": {
    "Recall@5": 0.95625,
    "MRR": 0.9967320261437909,
    "NDCG@10": 0.9539433109598215
  }
}